<?xml version="1.0" encoding="ISO-8859-1"?>
<?xml-stylesheet href="municipalesLM3.xsl" type="text/xsl"?>

<municipales>

<escrutinio_sitio>
	<num_a_elegir>21</num_a_elegir>
	<nombre_lugar>Ayuntamiento</nombre_lugar>
	<nombre_disputado>concejales</nombre_disputado>
	<porciento_escrutado>100</porciento_escrutado>
	<nombre_sitio>Ronda</nombre_sitio>
	<ts>1306123377</ts>
	<tipo_sitio>5</tipo_sitio>
	<votos>
		<contabilizados>
			<cantidad>18861</cantidad>
			<porcentaje>65.73</porcentaje>
		</contabilizados>
		<abstenciones>
			<cantidad>9834</cantidad>
			<porcentaje>34.27</porcentaje>
		</abstenciones>
		<nulos>
			<cantidad>297</cantidad>
			<porcentaje>1.57</porcentaje>
		</nulos>
		<blancos>
			<cantidad>412</cantidad>
			<porcentaje>2.22</porcentaje>
		</blancos>
	</votos>
	<resultados>
		<numero_partidos>6</numero_partidos>
		<partido>
			<id_partido>3205</id_partido>
			<nombre>P.S.O.E. de Andalucia</nombre>
			<electos>7</electos>
			<votos_numero>5581</votos_numero>
			<votos_porciento>30.06</votos_porciento>
		</partido>
		<partido>
			<id_partido>3076</id_partido>
			<nombre>PP</nombre>
			<electos>7</electos>
			<votos_numero>5406</votos_numero>
			<votos_porciento>29.12</votos_porciento>
		</partido>
		<partido>
			<id_partido>2835</id_partido>
			<nombre>PA - EP-And</nombre>
			<electos>5</electos>
			<votos_numero>4600</votos_numero>
			<votos_porciento>24.78</votos_porciento>
		</partido>
		<partido>
			<id_partido>2521</id_partido>
			<nombre>IULV-CA</nombre>
			<electos>2</electos>
			<votos_numero>1749</votos_numero>
			<votos_porciento>9.42</votos_porciento>
		</partido>
		<partido>
			<id_partido>3780</id_partido>
			<nombre>UPyD</nombre>
			<electos>0</electos>
			<votos_numero>625</votos_numero>
			<votos_porciento>3.37</votos_porciento>
		</partido>
		<partido>
			<id_partido>2670</id_partido>
			<nombre>LOS VERDES</nombre>
			<electos>0</electos>
			<votos_numero>191</votos_numero>
			<votos_porciento>1.03</votos_porciento>
		</partido>
	</resultados>
</escrutinio_sitio>
<escrutinio_sitio>
	<num_a_elegir>11</num_a_elegir>
	<nombre_lugar>Ayuntamiento</nombre_lugar>
	<nombre_disputado>concejales</nombre_disputado>
	<porciento_escrutado>100</porciento_escrutado>
	<nombre_sitio>Arriate</nombre_sitio>
	<ts>1306123377</ts>
	<tipo_sitio>5</tipo_sitio>
	<votos>
		<contabilizados>
			<cantidad>2558</cantidad>
			<porcentaje>79.52</porcentaje>
		</contabilizados>
		<abstenciones>
			<cantidad>659</cantidad>
			<porcentaje>20.48</porcentaje>
		</abstenciones>
		<nulos>
			<cantidad>44</cantidad>
			<porcentaje>1.72</porcentaje>
		</nulos>
		<blancos>
			<cantidad>32</cantidad>
			<porcentaje>1.27</porcentaje>
		</blancos>
	</votos>
	<resultados>
		<numero_partidos>3</numero_partidos>
		<partido>
			<id_partido>3205</id_partido>
			<nombre>P.S.O.E. de Andalucia</nombre>
			<electos>5</electos>
			<votos_numero>1146</votos_numero>
			<votos_porciento>45.58</votos_porciento>
		</partido>
		<partido>
			<id_partido>2521</id_partido>
			<nombre>IULV-CA</nombre>
			<electos>5</electos>
			<votos_numero>1047</votos_numero>
			<votos_porciento>41.65</votos_porciento>
		</partido>
		<partido>
			<id_partido>3076</id_partido>
			<nombre>PP</nombre>
			<electos>1</electos>
			<votos_numero>289</votos_numero>
			<votos_porciento>11.5</votos_porciento>
		</partido>
	</resultados>
</escrutinio_sitio>
<escrutinio_sitio>
	<num_a_elegir>11</num_a_elegir>
	<nombre_lugar>Ayuntamiento</nombre_lugar>
	<nombre_disputado>concejales</nombre_disputado>
	<porciento_escrutado>100</porciento_escrutado>
	<nombre_sitio>Cortes de la Frontera</nombre_sitio>
	<ts>1306123377</ts>
	<tipo_sitio>5</tipo_sitio>
	<votos>
		<contabilizados>
			<cantidad>2325</cantidad>
			<porcentaje>82.39</porcentaje>
		</contabilizados>
		<abstenciones>
			<cantidad>497</cantidad>
			<porcentaje>17.61</porcentaje>
		</abstenciones>
		<nulos>
			<cantidad>33</cantidad>
			<porcentaje>1.42</porcentaje>
		</nulos>
		<blancos>
			<cantidad>35</cantidad>
			<porcentaje>1.53</porcentaje>
		</blancos>
	</votos>
	<resultados>
		<numero_partidos>4</numero_partidos>
		<partido>
			<id_partido>2835</id_partido>
			<nombre>PA - EP-And</nombre>
			<electos>5</electos>
			<votos_numero>921</votos_numero>
			<votos_porciento>40.18</votos_porciento>
		</partido>
		<partido>
			<id_partido>3205</id_partido>
			<nombre>P.S.O.E. de Andalucia</nombre>
			<electos>4</electos>
			<votos_numero>876</votos_numero>
			<votos_porciento>38.22</votos_porciento>
		</partido>
		<partido>
			<id_partido>2521</id_partido>
			<nombre>IULV-CA</nombre>
			<electos>2</electos>
			<votos_numero>374</votos_numero>
			<votos_porciento>16.32</votos_porciento>
		</partido>
		<partido>
			<id_partido>3076</id_partido>
			<nombre>PP</nombre>
			<electos>0</electos>
			<votos_numero>86</votos_numero>
			<votos_porciento>3.75</votos_porciento>
		</partido>
	</resultados>
</escrutinio_sitio>
<escrutinio_sitio>
	<num_a_elegir>7</num_a_elegir>
	<nombre_lugar>Ayuntamiento</nombre_lugar>
	<nombre_disputado>concejales</nombre_disputado>
	<porciento_escrutado>100</porciento_escrutado>
	<nombre_sitio>Pujerra</nombre_sitio>
	<ts>1306123377</ts>
	<tipo_sitio>5</tipo_sitio>
	<votos>
		<contabilizados>
			<cantidad>271</cantidad>
			<porcentaje>89.44</porcentaje>
		</contabilizados>
		<abstenciones>
			<cantidad>32</cantidad>
			<porcentaje>10.56</porcentaje>
		</abstenciones>
		<nulos>
			<cantidad>0</cantidad>
			<porcentaje>0</porcentaje>
		</nulos>
		<blancos>
			<cantidad>3</cantidad>
			<porcentaje>1.11</porcentaje>
		</blancos>
	</votos>
	<resultados>
		<numero_partidos>2</numero_partidos>
		<partido>
			<id_partido>3208</id_partido>
			<nombre>P.S.O.E.DE ANDALUCIA</nombre>
			<electos>5</electos>
			<votos_numero>181</votos_numero>
			<votos_porciento>66.79</votos_porciento>
		</partido>
		<partido>
			<id_partido>3076</id_partido>
			<nombre>PP</nombre>
			<electos>2</electos>
			<votos_numero>87</votos_numero>
			<votos_porciento>32.1</votos_porciento>
		</partido>
	</resultados>
</escrutinio_sitio>
</municipales>
